timestamp,wind_speed,wind_direction,temperature,pressure,generation_kw,rated_capacity_kw
2024-01-01 00:00:00,3.897592218022216,206.222394274806,10.303272877307275,1006.3828186709936,2.3405313602744875,100
2024-01-01 01:00:00,8.131692665212373,215.57436480699607,15.660145439264799,1017.1477357215946,17.531429481658545,100
2024-01-01 02:00:00,6.902759613158445,248.1553990668229,13.608216744709964,1009.1923570635416,9.05779553699063,100
2024-01-01 03:00:00,3.642050434414059,209.35104912054427,17.71468567104506,1014.8885228190812,0.10035421023060936,100
2024-01-01 04:00:00,5.911652920686265,246.439797007126,13.58693129675505,1007.0628336926393,1.2855641492852379,100
2024-01-01 05:00:00,10.854088408612599,322.3847228925195,13.742328888812514,1015.388661868792,64.81152374081327,100
2024-01-01 06:00:00,3.2154949378371898,281.7623413965501,16.236099390851162,1018.4200374797181,0.0,100
2024-01-01 07:00:00,7.728666257116025,289.3551132124057,20.335780955976524,1013.0488558647097,14.098081635636857,100
2024-01-01 08:00:00,11.600725942034407,266.1243284554833,11.906183918749901,1020.7434111938899,87.43086753414022,100
2024-01-01 09:00:00,7.74958618246623,256.39968601465284,18.224971975754332,1012.3004632402915,14.089373636151944,100
2024-01-01 10:00:00,8.443131928948105,218.0728784541548,17.794449460944456,1015.0568387593994,24.10848101602146,100
2024-01-01 11:00:00,9.811287139327693,310.4410906000162,14.509295650453046,1008.372665134512,40.69798818908436,100
2024-01-01 12:00:00,13.051632676871915,168.11532232770907,17.198382416613367,1015.1921545141223,100.0,100
2024-01-01 13:00:00,8.722901083832173,155.55664940847856,14.319304282575915,1010.1593035364413,23.70349842659544,100
2024-01-01 14:00:00,8.912940312900083,62.25491023634255,22.286298923634096,1009.3980434320516,29.11992160500678,100
2024-01-01 15:00:00,8.614364435759398,149.5483894210524,14.835847686293112,1020.9005180396045,22.48240359109066,100
2024-01-01 16:00:00,13.480713590074249,85.49012516885273,15.41337584221634,1006.6488957241309,100.0,100
2024-01-01 17:00:00,12.960063692775954,91.24285245363461,14.194758734105873,1012.4261577141074,100.0,100
2024-01-01 18:00:00,10.076961220381092,74.15878347354507,10.091771419023729,1016.5639513203935,49.28519601380704,100
2024-01-01 19:00:00,8.323588132768009,88.90618727573847,14.38267342192378,1014.1703545310811,21.21244504846913,100
2024-01-01 20:00:00,8.543590576415824,93.53030070678162,15.868244476175068,1003.7633650354645,23.94079913463119,100
2024-01-01 21:00:00,9.636103918551843,115.06913641979125,19.674901426528542,1016.0195463483639,40.75433881265248,100
2024-01-01 22:00:00,4.465134880249678,133.41595552038453,16.648004944948045,1006.1050052079636,1.4950384002916397,100
2024-01-01 23:00:00,8.488659861609408,152.08012659619658,14.603986998360256,1010.7837402567719,21.971950499837796,100
2024-01-02 00:00:00,3.6299251109929584,174.96368320361162,15.524045694470312,1011.7787867373283,0.0,100
2024-01-02 01:00:00,4.9303317890060265,242.54926762900737,16.326237215452352,998.3998533984272,0.8990757592844644,100
2024-01-02 02:00:00,8.219846030522708,251.44250759277776,14.207317940490656,1012.4704971758187,20.535490109367043,100
2024-01-02 03:00:00,3.8661114836659505,270.26287986018696,17.390927166636043,1016.3293869858062,1.1123202831961048,100
2024-01-02 04:00:00,6.8575490061136515,235.9688199072462,20.2194805904875,1012.1495778698311,11.33431756441138,100
2024-01-02 05:00:00,5.896538564566571,304.6379493214671,14.254769900740847,1013.9246490670031,2.3349682706418067,100
2024-01-02 06:00:00,7.62644770542979,303.94933527587665,18.96680691377854,1024.308934268929,10.762050256799942,100
2024-01-02 07:00:00,3.058146325774576,250.3311945019692,17.97319502892142,1018.6272011650918,0.0,100
2024-01-02 08:00:00,5.59462023747129,303.65784685659355,16.95595069938905,1013.2969290885593,1.550850731460498,100
2024-01-02 09:00:00,8.152145539668245,223.14283201679558,15.679992971898052,1025.935044142815,17.150258864535626,100
2024-01-02 10:00:00,11.724662117577026,169.7390448478477,16.35756772917559,1009.8181448780043,89.02157653078595,100
2024-01-02 11:00:00,9.72226673348869,236.33949364382207,14.69203659461203,1015.5983855403039,41.3968917081482,100
2024-01-02 12:00:00,10.143378278284604,176.41443658709773,20.854821627407247,1005.1168804854655,49.86332142553364,100
2024-01-02 13:00:00,11.445983521273691,186.0139328780226,13.189006648961067,1014.991640025121,80.5697085545015,100
2024-01-02 14:00:00,8.110664568041756,112.37393511827429,18.74905019908526,1012.4429484529384,16.021813639064288,100
2024-01-02 15:00:00,10.119154656478662,78.50728934079947,19.993381280024302,1013.3039663340937,50.23451897700821,100
2024-01-02 16:00:00,7.526953410359752,139.01386731811965,14.374813117759357,1014.8524069748933,13.669133671316576,100
2024-01-02 17:00:00,5.19998554845481,50.84861873211083,18.841756994103783,1014.4000195749616,0.0,100
2024-01-02 18:00:00,7.3558868589807815,43.169084656879086,15.77616015492049,1007.6368637892516,10.993096635738981,100
2024-01-02 19:00:00,8.767660081096057,35.299068911053276,15.531295482133967,1011.08327431703,27.312370506897658,100
2024-01-02 20:00:00,7.814864548490587,18.223544710173172,15.120525037719094,1013.0303035699083,15.573268605895791,100
2024-01-02 21:00:00,6.699811895160249,85.18725819527901,10.503022814600193,1005.8541219448246,10.072388082619447,100
2024-01-02 22:00:00,11.190366170797558,69.91776124763885,16.987987990982575,1017.0128472525165,72.68281312321548,100
2024-01-02 23:00:00,7.031659114530404,155.63812140247816,19.674871409282694,1022.4144115487504,5.875720472379587,100
2024-01-03 00:00:00,8.163950680767707,112.90747949026058,13.40203540435872,1014.5177176728872,20.33508276582394,100
2024-01-03 01:00:00,10.750913693310784,170.46551148394718,18.058212646469656,1010.3614341743994,64.57527501640901,100
2024-01-03 02:00:00,3.88625721500164,294.9618598862897,15.260580495351372,1001.4903776944083,0.0,100
2024-01-03 03:00:00,4.714688686110012,253.99333752515142,12.238128847300295,1005.3954587184404,2.8660750607511885,100
2024-01-03 04:00:00,10.693903119138875,259.5264566028313,18.50986656939189,1014.6961443200771,61.18595607168199,100
2024-01-03 05:00:00,6.092715108205848,218.31076495642043,20.57430716612127,1019.3121826839875,5.081571607721177,100
2024-01-03 06:00:00,8.265845129499676,262.6320700215369,13.133439595623706,1011.8995781548639,19.670920468873874,100
2024-01-03 07:00:00,10.862748697946753,268.3765812601147,16.16360175883116,1005.5637936613023,65.12994750153506,100
2024-01-03 08:00:00,10.987891451479356,209.7868624669877,11.196989549194484,1008.6448737793844,69.0669903963683,100
2024-01-03 09:00:00,13.130464595228329,247.42503073320785,15.390174716518832,1010.1388562621149,100.0,100
2024-01-03 10:00:00,12.92981775052883,260.736973711953,16.974395880762327,1003.3372631817537,99.22750677947529,100
2024-01-03 11:00:00,12.277115660882625,192.84597049404547,20.774925489762918,1011.4471688225999,100.0,100
2024-01-03 12:00:00,8.661061240398631,174.08290894787146,20.18891782061091,1017.4619337917707,25.197483902834417,100
2024-01-03 13:00:00,11.728055657057588,95.44339347591041,20.4436916969222,1004.5910904214152,90.69914307153643,100
2024-01-03 14:00:00,10.567073465475625,93.02298394171243,13.934920846616409,1010.2017997359967,57.4284040199694,100
2024-01-03 15:00:00,6.968161311385199,148.0912427360572,14.78070146673549,1002.8784786226786,9.924178805715169,100
2024-01-03 16:00:00,12.04107676184672,82.21119426198536,10.523280397466728,1008.9042532835683,100.0,100
2024-01-03 17:00:00,10.33858982825519,65.17532660071134,13.3707301469756,1012.2597798548437,54.05730809529338,100
2024-01-03 18:00:00,8.29745883015521,69.2225065208593,11.160709066697216,1018.1060310625475,20.592539663611667,100
2024-01-03 19:00:00,7.222656456719146,91.34269182395894,16.612807362144263,1015.2785431679097,10.085452977084277,100
2024-01-03 20:00:00,4.809876379491442,67.30523633342676,13.425226657858806,1007.0827614929398,0.0,100
2024-01-03 21:00:00,7.191313253637186,120.15588487231777,12.211929862787619,1013.4699065476008,11.409017532399462,100
2024-01-03 22:00:00,7.411306100215426,94.19976968630817,14.449953364530495,1011.330332943319,15.489654572928561,100
2024-01-03 23:00:00,4.61231704782832,179.9262860030466,11.961565804444206,1012.9356493597606,3.970994834667577,100
2024-01-04 00:00:00,8.59961780540834,148.28832667981192,16.615074727386098,1012.0025258617517,24.296130801719926,100
2024-01-04 01:00:00,4.148951961665075,242.9017636271899,16.54136675009351,1014.5668603387455,0.0,100
2024-01-04 02:00:00,2.2969581995555197,224.6990204172785,14.74088649784998,1013.9055631831038,0.16929250082389008,100
2024-01-04 03:00:00,8.940450326621587,218.2702774549324,13.495997826782919,1017.332167408953,27.513351593456836,100
2024-01-04 04:00:00,6.468477631005065,285.286104628069,11.669700143486496,1013.5829594333492,6.28592351505973,100
2024-01-04 05:00:00,7.505512446378208,225.6984179929228,17.35409408376732,1021.449653553003,13.294969892224614,100
2024-01-04 06:00:00,6.600176261559174,253.58803064947773,16.37418648782951,1015.5961309194169,3.9951219007089955,100
2024-01-04 07:00:00,5.580922275979516,266.9310585676977,17.08097066039053,1020.3915516730367,1.7005866758264438,100
2024-01-04 08:00:00,11.785684456657716,254.3072822419532,14.768718125165258,1016.6012501154837,94.77331700672096,100
2024-01-04 09:00:00,8.311685301888533,183.3820462556705,15.034253751278992,1009.6360713191905,22.358398808096894,100
2024-01-04 10:00:00,13.329165491074036,197.38060372159902,20.014021714352108,1019.2145894854123,97.48338889854669,100
2024-01-04 11:00:00,11.821677732208874,208.34074433192984,13.886269671526387,1018.9208856417392,96.36462979220575,100
2024-01-04 12:00:00,9.64569341377436,140.4032532192027,14.750092200348945,998.639706953672,39.69042285083191,100
2024-01-04 13:00:00,8.035256557533684,194.69916490074849,17.919700516618647,1010.2577732741422,17.458651197188903,100
2024-01-04 14:00:00,8.542336541337242,149.8554266635796,16.596758157690086,1020.213795534954,23.027487612213477,100
2024-01-04 15:00:00,7.264377007392037,100.93317797187862,9.548157646823702,1018.2719401958772,6.410081315362649,100
2024-01-04 16:00:00,13.44943642638565,95.44893970039863,10.624364077928195,1005.6979124544056,100.0,100
2024-01-04 17:00:00,9.12173025787397,148.9135993489384,13.705530468192915,1017.2938090761928,28.252583087572894,100
2024-01-04 18:00:00,10.575620792302544,118.07965352628952,18.418923261359296,1021.6361745062478,61.29871329520347,100
2024-01-04 19:00:00,5.222867518983783,104.47324997996901,17.70304350107125,1016.0334921151939,0.0,100
2024-01-04 20:00:00,7.637279966403288,59.59215054637223,17.246594350273156,1005.6207191219272,15.799601586398765,100
2024-01-04 21:00:00,9.216720022453343,165.24872925258944,17.57125655703067,1009.0809233292789,33.41981840810202,100
2024-01-04 22:00:00,5.8731373757743714,166.5720320662193,12.781190004155631,1015.0025218748737,4.470210015193341,100
2024-01-04 23:00:00,8.405586972474628,152.25412431397692,17.49116554777486,1011.9223251840242,20.233100772046367,100
2024-01-05 00:00:00,4.174723370938253,163.50905792373646,13.095796897206837,1019.3883133810306,0.0,100
2024-01-05 01:00:00,3.685064453134481,197.65659589592366,18.70154559269078,1016.6562436782485,0.0,100
2024-01-05 02:00:00,7.370609611537182,188.94189957399078,14.327952584732245,1022.8158883827028,12.094120239726923,100
2024-01-05 03:00:00,6.171292763431587,229.51604357556906,16.704526221694504,1018.1030845603232,5.288585283233294,100
2024-01-05 04:00:00,8.62796857349345,280.83710176523493,10.236152776217414,1015.7626867365016,22.731551100345875,100
2024-01-05 05:00:00,3.870445241703847,212.704686048739,11.812981250758309,1011.4283284058353,2.741244265203056,100
2024-01-05 06:00:00,9.768388465890823,260.57776877273176,19.131680301037203,1020.0223088147898,42.49514786095376,100
2024-01-05 07:00:00,14.058105139693456,270.3460035524113,17.934879597935197,1013.0274917181947,96.71925375985782,100
2024-01-05 08:00:00,9.294607232086825,261.0493274602993,12.205837667412068,1007.870499658469,34.75052919239338,100
2024-01-05 09:00:00,9.826357015142564,208.27150168578652,19.716423154616464,1013.2408541174881,42.08994213143463,100
2024-01-05 10:00:00,10.435008971796021,189.5354132601882,12.58729470092004,1012.5407221083459,58.02325714093861,100
2024-01-05 11:00:00,6.551759425944349,235.9686755329784,15.919531299087463,1008.0322990514595,6.596056167344219,100
2024-01-05 12:00:00,11.196152474330406,143.26412721551128,14.419346121776009,1017.1391923973933,75.82803617651548,100
2024-01-05 13:00:00,7.064891359495994,186.96581463002622,13.089402397511103,1012.2978588462313,8.635678896550223,100
2024-01-05 14:00:00,9.220550806271055,120.52904054674528,19.363469671990202,1014.9779431140437,35.265091708590944,100
2024-01-05 15:00:00,12.243811856530357,148.75428020223882,20.91459247424727,1009.0954569688344,98.18218071535517,100
2024-01-05 16:00:00,7.873425282749634,89.42535849725012,16.394470638667435,1012.176644024047,16.549826170796802,100
2024-01-05 17:00:00,9.863995264289628,58.0725360154947,20.437644737962472,1016.8716308119383,44.44510769992248,100
2024-01-05 18:00:00,10.369337302862528,115.69664569180387,15.016002827806277,1011.7658584901028,52.83128313998521,100
2024-01-05 19:00:00,8.383702816936744,92.54493896707794,16.18457378252153,1011.1732921504866,21.254353702673445,100
2024-01-05 20:00:00,4.601962254760572,145.51501121913407,16.25411575655832,1023.9215685122127,0.0,100
2024-01-05 21:00:00,6.264695081873865,143.12639224734585,12.3895213215033,1014.580974627841,8.853961938075877,100
2024-01-05 22:00:00,10.530631072157481,128.11720113168604,17.35801866476206,1016.6665326394276,60.614156727599,100
2024-01-05 23:00:00,2.361916016376708,143.21625789088384,17.988727407861575,1016.7311896602697,0.0,100
2024-01-06 00:00:00,5.860834762057389,180.70117029861746,15.510596070550367,1013.4848181833295,2.3106196397706684,100
2024-01-06 01:00:00,5.376338994235388,209.00001459500254,10.955763470135818,1015.6381231367529,3.0599427119360287,100
2024-01-06 02:00:00,6.921850708415141,198.54754419804573,17.13413345758758,1008.1349409924238,10.622062761820008,100
2024-01-06 03:00:00,8.494624461791107,268.8977974975266,11.485976432023499,1020.2410427594743,24.499136248916273,100
2024-01-06 04:00:00,10.629788725833848,246.02138158628756,13.597207473567032,1019.2347488058879,64.73647686397616,100
2024-01-06 05:00:00,7.3543039155663825,254.2424920114168,16.425280851825292,1013.9510728443584,11.591734122784489,100
2024-01-06 06:00:00,10.03708944974338,253.77934987882492,13.722029581503087,1013.0317793784186,50.36630610147586,100
2024-01-06 07:00:00,9.929525169725128,273.8638423863173,16.792046926109872,1006.8018846477672,43.325542866460424,100
2024-01-06 08:00:00,10.36110138553334,237.18070828897382,15.352386209784909,1018.1465548584481,56.45530661147111,100
2024-01-06 09:00:00,8.69877248910989,247.6887136064981,11.139527442251183,1011.7248159873182,24.96802427617137,100
2024-01-06 10:00:00,8.149814659806815,307.99809213305616,16.534931657709876,1016.0488345414637,18.44138007604512,100
2024-01-06 11:00:00,8.144172217126483,201.68543025708664,17.79075601533397,1005.7966300298377,21.43439198692607,100
2024-01-06 12:00:00,8.899532370991494,166.97985785104055,19.06821770290999,1016.1572730818121,30.103281782621846,100
2024-01-06 13:00:00,10.98763159410033,106.67560909633607,14.931312750173511,1012.1237447268243,69.57168885028611,100
2024-01-06 14:00:00,11.666356383615277,136.5066577429221,15.846565938268729,1013.0595393594234,94.39020084146301,100
2024-01-06 15:00:00,10.473558047876626,83.08346139572257,11.545690966454945,1005.9109411699036,59.778102960016994,100
2024-01-06 16:00:00,8.314496597398259,90.79097009025335,21.92568519049222,1016.3953214842666,19.706581126562398,100
2024-01-06 17:00:00,12.541985099859732,97.61490344339815,20.546041542523398,1009.937373239414,95.15431154273082,100
2024-01-06 18:00:00,11.45013803705282,38.07031650533544,15.935514921633693,1012.7649437275664,83.32389466938652,100
2024-01-06 19:00:00,7.186768474084352,97.7905582059376,15.656491656539483,1017.0209050070538,9.285103833480552,100
2024-01-06 20:00:00,5.765543977818409,111.19316892218185,7.240348441370418,1012.5716557302388,1.6483665971876462,100
2024-01-06 21:00:00,7.258623135732585,77.44738910321115,19.136804663212594,1022.9312148111657,9.603266749261104,100
2024-01-06 22:00:00,9.21495327232957,123.23072423612732,17.719600517946212,1008.505984673846,33.23583394964654,100
2024-01-06 23:00:00,7.146085091719838,101.78629507543891,18.46945258596495,1014.2024287407681,12.406408322719244,100
2024-01-07 00:00:00,7.593929589417499,227.26502807527217,14.986335983095247,1015.0666158173967,11.338562264441844,100
2024-01-07 01:00:00,6.124820282468022,213.2106123556922,14.793793973803428,1007.9051360984157,4.044741811375578,100
2024-01-07 02:00:00,7.6613231624329945,219.61234497062694,12.495824511532525,1013.4370450380859,13.489628116206303,100
2024-01-07 03:00:00,10.155707520136591,238.7365353871044,18.536109639548528,1012.0255912145618,48.613347551225644,100
2024-01-07 04:00:00,7.001494616641988,291.88559458257254,19.95854208508892,1014.1290721297305,9.35158586483574,100
2024-01-07 05:00:00,8.249809554408113,264.10835780839784,19.573729079282668,1015.2682398971031,23.39159964732805,100
2024-01-07 06:00:00,8.988465132696664,279.9245031382726,16.763853177018586,1019.9912541598027,30.6914282462629,100
2024-01-07 07:00:00,9.565920981344526,312.492211176981,15.222125342490946,1014.440869146157,38.971515952598224,100
2024-01-07 08:00:00,6.6570544274549555,247.55727190053355,13.046169178895216,1015.7353456571157,5.831573923633806,100
2024-01-07 09:00:00,6.1413084302227166,210.8605505715873,14.096828890100964,1020.4965798345124,4.3456819589811415,100
2024-01-07 10:00:00,8.173572845322608,200.26498275739138,17.604731869898593,1005.0786813157114,15.560127508415832,100
2024-01-07 11:00:00,10.748568422978884,246.15362909240585,15.348420322790908,1011.6940158956562,63.696718137878285,100
2024-01-07 12:00:00,11.588544511603832,182.7428492554217,21.126293003200082,1013.1908593177073,86.51568311059982,100
2024-01-07 13:00:00,9.351334712628299,141.6363472926829,19.659148541466507,1005.222198296911,36.10002328586968,100
2024-01-07 14:00:00,12.9673979529009,164.2093313939748,14.396653052645059,1013.3834023524096,100.0,100
2024-01-07 15:00:00,9.608693793318132,146.29911126352556,12.555094255988518,1001.2209704363296,41.08374555157024,100
2024-01-07 16:00:00,9.52146417606666,87.78828062220737,14.556825420680024,1016.5276886232539,37.782021021636325,100
2024-01-07 17:00:00,8.610542528697128,63.90857052142033,19.39822928830301,1005.6085728212042,23.191479062226925,100
2024-01-07 18:00:00,8.74888576509074,42.884141968163696,14.63031322462837,1006.7440752991157,24.808160114590628,100
2024-01-07 19:00:00,9.372142237479576,39.25000800619674,17.840044404493028,1015.6217217661302,33.92845606796224,100
2024-01-07 20:00:00,8.812139055422074,94.10812010402061,14.50444009131201,1004.6621332620965,25.702605477437075,100
2024-01-07 21:00:00,5.269772736005136,89.56451128210692,17.231572920063858,1023.2689013728191,1.3578013998471798,100
2024-01-07 22:00:00,9.796108924985589,190.7542322941855,17.786506369052468,1013.5830138285629,40.61745733969308,100
2024-01-07 23:00:00,4.358927612165439,158.46241858162378,19.159580185747167,1012.5145345938057,1.230697268488968,100
2024-01-08 00:00:00,6.707569116634284,121.7355137024652,20.6725081128719,1019.0159642603165,6.774000677765017,100
2024-01-08 01:00:00,6.068470288830217,245.85559232452874,20.303474525556453,1012.6014558045588,2.2933578020133436,100
2024-01-08 02:00:00,4.719080926247207,229.85130928252786,14.782273193614337,1014.2031559541533,0.0,100
2024-01-08 03:00:00,6.984660350132301,264.78899471798246,15.931731512700521,1012.2204990963806,10.356354772794255,100
2024-01-08 04:00:00,6.067487541868262,278.4033296456018,12.852212435507607,1010.4909144852218,5.767629220799836,100
2024-01-08 05:00:00,8.177291484800122,275.83002138461234,15.665731858529249,1014.8559375254476,23.81364531540845,100
2024-01-08 06:00:00,9.355287010891793,285.7002789130363,16.445739155726425,1015.6251402706354,36.34521470082975,100
2024-01-08 07:00:00,12.010611916604644,274.0961445179073,15.160907916344357,1006.6343087736215,98.64878974471411,100
2024-01-08 08:00:00,10.163883525707888,224.75070916163637,14.86203401578413,1008.5941351258688,48.991082077982526,100
2024-01-08 09:00:00,8.740877970216506,254.6415762510635,19.469028254390032,1009.7029247375199,26.732490738047087,100
2024-01-08 10:00:00,9.497926274582733,255.7171651497762,19.0952365564049,1012.8520589245245,39.246697058098285,100
2024-01-08 11:00:00,10.760922953260323,196.99202167985234,17.570153864688784,1014.7283030874112,66.93830924839726,100
2024-01-08 12:00:00,10.73603674737736,196.53906654209266,12.540255910443792,1023.7804282242267,61.75949077256,100
2024-01-08 13:00:00,13.400145277488038,169.29396029671497,16.97558041963335,1014.3752007561603,100.0,100
2024-01-08 14:00:00,13.071871755535845,189.46956191757323,15.220093008312638,1012.1282815929989,97.67681496874124,100
2024-01-08 15:00:00,9.245456798341632,108.77788067221793,20.31997010352392,1009.425596126946,34.1765677016235,100
2024-01-08 16:00:00,8.451830832080661,93.2975887762933,10.965915481112567,1017.9264128285458,20.201163155527915,100
2024-01-08 17:00:00,3.9526439705223835,89.55872342958136,14.696316647233708,1012.9404876438817,3.029143159355798,100
2024-01-08 18:00:00,7.451274261808619,86.9282677468893,14.61283679637195,1014.70877284076,10.542301636725085,100
2024-01-08 19:00:00,6.07536158607945,24.888144305354786,14.973065625252941,1012.9966041769626,5.208158290127459,100
2024-01-08 20:00:00,6.839466172263422,82.77941841540338,19.245523966624067,1015.7528867127423,8.066248946040659,100
2024-01-08 21:00:00,7.918070010780187,125.3569416895839,9.315712487602095,1015.39350002846,16.415780835079495,100
2024-01-08 22:00:00,7.171448939282158,134.75230455996433,15.748631192443007,1014.8692135253649,6.348562532172334,100
2024-01-08 23:00:00,6.557327421779838,132.72611131485908,18.924949743485044,1013.0191654314625,5.992894133829473,100
2024-01-09 00:00:00,7.016399504834153,160.05662243473859,19.48344072466789,1013.467143960735,6.928471352557166,100
2024-01-09 01:00:00,6.433148083617006,192.62532021031808,14.895854625022611,1014.9115977949635,4.380729567807097,100
2024-01-09 02:00:00,7.279222340175201,200.9528465759274,14.503753758616549,1003.3790190753888,11.726416349297715,100
2024-01-09 03:00:00,0.7409117044454057,228.24809199348726,17.581728927060933,1012.8296368559062,5.434857465736595,100
2024-01-09 04:00:00,7.078648303155616,241.76058275624345,16.99619827739497,1017.9039473653198,13.103659075410178,100
2024-01-09 05:00:00,7.877895750346069,293.79444976423144,16.75129755172458,1010.5984274432948,16.954260393453804,100
2024-01-09 06:00:00,7.9347118502439535,300.4917380562323,5.138953616059837,1002.549405006235,17.254605640926414,100
2024-01-09 07:00:00,8.698980848656284,294.94087719785637,13.16157159193341,1006.0748247180467,24.68841188722137,100
2024-01-09 08:00:00,11.023855518270585,270.743340315856,13.95341901809729,1013.3759876849572,68.86129480862563,100
2024-01-09 09:00:00,8.83523818234857,222.38993577438282,18.472117792519917,1009.3962021588989,28.141078048869083,100
2024-01-09 10:00:00,14.750690288660259,253.7949134998119,12.220809092635594,1013.6696247219302,99.11110356622234,100
2024-01-09 11:00:00,11.925680795679439,193.86619646364397,13.40320552406146,1012.9076891627387,100.0,100
2024-01-09 12:00:00,10.60462078082938,180.6915662477841,16.079936188845604,1010.6542294955071,64.61885632160119,100
2024-01-09 13:00:00,10.13576232884013,196.85290189869076,12.680302676303253,1008.4250108885493,54.122628144073055,100
2024-01-09 14:00:00,10.176241517461731,137.51978568394924,18.47164992218571,1013.977434773908,49.42382989420716,100
2024-01-09 15:00:00,8.200834705142263,123.77891060033932,15.36887716721699,1013.3446584771738,18.28254646511493,100
2024-01-09 16:00:00,9.426830204141107,59.674329079502854,22.041806003525764,1012.3805525151869,33.99170627421623,100
2024-01-09 17:00:00,9.692240406316275,107.67695444698946,14.653932055466147,1017.362072185285,42.41054447663269,100
2024-01-09 18:00:00,9.776318513803584,60.59980058092557,14.814238597143117,1014.0066721911242,40.97322736999112,100
2024-01-09 19:00:00,9.25897675074075,123.4248653250209,18.956403074450737,1010.0198423201363,32.42676048291958,100
2024-01-09 20:00:00,7.067480189525257,96.519738344215,14.57707742664337,1011.207030249632,7.455862039564795,100
2024-01-09 21:00:00,4.370857215240171,49.27532443269739,21.07779316796933,1012.690345257104,0.0,100
2024-01-09 22:00:00,5.546979222621357,124.25939692309969,17.991833033459585,1013.6159538658667,5.573915016480935,100
2024-01-09 23:00:00,9.909769715703765,149.86524979219553,15.631448388311373,1019.6820758537798,40.32131403752148,100
2024-01-10 00:00:00,8.477289203545807,194.56425678234277,16.23053745058354,1021.4403862044582,23.592594131002624,100
2024-01-10 01:00:00,7.492560096756123,223.40908577864187,25.265054653167542,1010.6552734397058,10.825305961684322,100
2024-01-10 02:00:00,5.430533279636787,215.16707265836436,18.178894518808626,1007.902964340637,6.658021599426919,100
2024-01-10 03:00:00,7.278249324300372,274.02565615240553,17.164362489639064,1010.2855924341958,12.397614759411386,100
2024-01-10 04:00:00,5.173835205400947,162.9306264810123,16.315201176264612,1015.1006313135891,0.0,100
2024-01-10 05:00:00,7.063660735128723,245.5136544252593,19.824417539855567,1017.163931740946,7.983522689485516,100
2024-01-10 06:00:00,8.194765893355521,236.6290718748844,12.15795250041697,1010.9594257155345,18.089745459021316,100
2024-01-10 07:00:00,8.479530803200527,229.30781904846853,16.169367372914305,1008.4291170930752,24.869810519869617,100
2024-01-10 08:00:00,11.598376438837935,286.7334774810248,8.211959073774267,1014.9118058491612,90.59000918796758,100
2024-01-10 09:00:00,7.261934311028102,268.51472227753476,15.112708564079773,1016.1179646113429,10.926457671703382,100
2024-01-10 10:00:00,8.686358841264479,201.72689938769335,19.256711880546856,1018.1732185257331,24.93531034654086,100
2024-01-10 11:00:00,7.86764828725961,238.6354241780257,20.859623958380425,1009.8114139494327,17.90834842728936,100
2024-01-10 12:00:00,8.210466151350204,183.04400677357253,18.530842156354893,1014.644312376084,19.459211431143682,100
2024-01-10 13:00:00,10.865136022197346,144.05576291751854,18.632837216307998,1004.8415021477172,67.6766775855444,100
2024-01-10 14:00:00,7.216342318182244,114.21231610882693,11.565226971950882,1012.4715147092362,10.724666384571508,100
2024-01-10 15:00:00,11.60712369677428,93.01223789931797,14.677810007629976,1016.5925725319846,85.89096048377452,100
2024-01-10 16:00:00,9.19154102284376,116.24095938288657,21.136146489551145,1020.4186034583281,35.28535204074206,100
2024-01-10 17:00:00,9.340387331982907,112.57132266299391,15.141351410362383,1014.51081476936,33.78017871519312,100
2024-01-10 18:00:00,9.330326052720318,97.15503636563727,16.30498423553543,1011.7912492867102,38.67331217918216,100
2024-01-10 19:00:00,7.299201446017688,31.56014531249093,14.296245482741728,1005.9701953298024,13.260602573210294,100
2024-01-10 20:00:00,9.750132008232667,110.94847334098765,13.911676985344043,1014.1418555013228,42.57737690442196,100
2024-01-10 21:00:00,6.882273560897547,133.3222866143749,15.302123762375661,1016.1587945953233,5.53901485028973,100
2024-01-10 22:00:00,8.141262279635175,114.92383183606647,14.729763544033327,1018.0683288000351,21.993192649461335,100
2024-01-10 23:00:00,6.355096158633271,158.00380222772367,19.585436829265298,1014.2160585532743,5.811443672447767,100
2024-01-11 00:00:00,7.3346556142228225,124.08347102097757,17.528375892100325,1008.2226431657941,12.959275283292673,100
2024-01-11 01:00:00,7.380380527110763,166.39464220883366,19.938918577762994,1015.7675192059571,14.48330485123046,100
2024-01-11 02:00:00,7.520795910715162,215.27293955278418,12.720554588451161,1021.4493976467829,10.434095929290542,100
2024-01-11 03:00:00,5.390077577758042,234.3470759863061,20.558626543044614,1011.6880071298967,2.6001344735740144,100
2024-01-11 04:00:00,8.624658380467856,268.49266749308754,16.94663577056716,1008.9877696620204,23.655762286870097,100
2024-01-11 05:00:00,7.597354770968742,231.32556277013387,22.400312250810273,1011.3516159475622,13.967945599897172,100
2024-01-11 06:00:00,10.013882900352812,259.7638180613798,16.723938683350497,1012.9341067793885,48.24550683622206,100
2024-01-11 07:00:00,4.965558040753409,252.2399309536139,12.402061654443681,1010.382592359341,0.0,100
2024-01-11 08:00:00,6.822674395263074,273.7826005599757,20.734928982053955,1016.531664202423,7.206409980360423,100
2024-01-11 09:00:00,10.89401152601613,286.2708933578392,16.472802384061847,1015.1536509095072,67.65784796293511,100
2024-01-11 10:00:00,14.21081281715231,276.62760959430227,10.425921859431774,1011.3283734421831,97.4953498613365,100
2024-01-11 11:00:00,12.354875985573587,156.24051265428616,17.317851142541556,1012.9008737857445,98.52930491422207,100
2024-01-11 12:00:00,9.388004970973014,178.55957424748627,17.575951476006804,1005.304670750609,36.00685705867672,100
2024-01-11 13:00:00,7.300653661195201,123.33040663343016,20.1106053284183,1014.6062713775469,12.283769761616911,100
2024-01-11 14:00:00,11.97033008926509,133.05765145541284,6.119785604789071,1006.0309667831247,98.72085188892109,100
2024-01-11 15:00:00,10.00595395766017,129.04796808168922,20.328875523766328,1011.6133422195501,45.77334472488623,100
2024-01-11 16:00:00,10.934315275161747,104.50244062050288,15.458476834206543,1010.6932776813481,66.509050805414,100
2024-01-11 17:00:00,9.501142373999599,91.59632467015003,22.66101082219502,1015.3328950032468,36.976791012565585,100
2024-01-11 18:00:00,8.812192689613966,134.49117524295906,11.727424095910465,1010.7792897005851,25.335435070240422,100
2024-01-11 19:00:00,14.152519640954287,114.69635738510111,18.5182838041946,1012.7652102622503,100.0,100
2024-01-11 20:00:00,7.740646917281818,93.87807981326701,18.117423590698245,1020.4759601689997,15.120543432304645,100
2024-01-11 21:00:00,7.020202858493352,117.08673052006951,15.615922907650685,1005.1528398011341,7.612333691938072,100
2024-01-11 22:00:00,6.777958680996055,161.1269342036819,14.56084938310641,1013.56550813357,7.852853697429554,100
2024-01-11 23:00:00,5.653981753379526,175.0000011219514,15.761032015299135,1017.3210463544552,7.225211884666047,100
2024-01-12 00:00:00,8.800683788905102,167.24771688897536,16.010884126998864,1009.861249019496,28.2785355011343,100
2024-01-12 01:00:00,6.181057679333643,150.0364288261198,13.290730979373123,1013.1046123213162,4.924881944664144,100
2024-01-12 02:00:00,8.360252603194779,189.4602752168193,20.030021508839926,1006.1933557059954,22.560785308502407,100
2024-01-12 03:00:00,7.975410496728495,248.01898705719472,13.774443959389899,1004.9561043181507,19.423535444986257,100
2024-01-12 04:00:00,10.258389723739331,204.34648076022933,20.120617932026214,1016.610545111022,49.41307521023337,100
2024-01-12 05:00:00,9.143139103246158,262.36148942552336,11.684241302933422,1011.3642819992284,30.948961913163522,100
2024-01-12 06:00:00,6.393648437579182,256.39292471437415,16.519475658110565,1006.4365757664851,4.127145334174477,100
2024-01-12 07:00:00,6.685080519571637,296.91090845743224,16.5641253995788,1010.6331052523348,5.5732042080503605,100
2024-01-12 08:00:00,12.63715629162828,218.4009716363358,17.003661882855518,1016.0221719977757,100.0,100
2024-01-12 09:00:00,9.01720995531869,185.68654093975962,19.919932637724116,1015.7561585860678,30.905889951555,100
2024-01-12 10:00:00,7.91126364746405,212.41077775169677,16.44400333881291,1018.2386708607979,18.481556552626927,100
2024-01-12 11:00:00,9.413032452313098,222.33660800703257,15.677256767835093,1010.4800157413713,36.777383189417165,100
2024-01-12 12:00:00,13.349668573410492,212.09755796782056,16.45306224410402,1009.8628171245942,100.0,100
2024-01-12 13:00:00,7.91184365415559,129.42647544397482,19.994065565395438,1014.6544069811081,12.235637466653476,100
2024-01-12 14:00:00,8.819478399524135,149.10791242788562,13.43422415428211,1018.0004778083388,26.066123284458456,100
2024-01-12 15:00:00,8.901016544254535,83.01747626034012,13.989039499266804,1011.1272071915693,27.30602435142645,100
2024-01-12 16:00:00,7.318038252528087,79.59288969231697,11.180950241416348,1017.790955701491,10.346553524951428,100
2024-01-12 17:00:00,6.969401412656191,110.09451741481679,23.132791086345403,1011.3326508987881,10.408218281115257,100
2024-01-12 18:00:00,5.78420204894716,111.54451627655531,13.571810813838827,1023.1872597118769,3.1409746546545234,100
2024-01-12 19:00:00,7.380405082995992,63.08525315577829,11.394750031070991,1004.4016304808896,12.830695494970183,100
2024-01-12 20:00:00,7.110600335994308,116.30466334751006,14.624347582749945,1020.6741743843965,11.612319533622998,100
2024-01-12 21:00:00,6.041128128694772,60.30539529569421,15.213679254530627,1005.5125989915391,4.3089439970289245,100
2024-01-12 22:00:00,3.7809715139703184,128.92023278503333,21.447413002407398,1019.1158668016441,1.5223956978113238,100
2024-01-12 23:00:00,9.395238240608332,122.67884515242281,15.656347321960284,1013.4290032139481,34.99870351862608,100
2024-01-13 00:00:00,4.229528393672341,155.76901979408547,18.09452297216978,1010.7332854740084,0.0,100
2024-01-13 01:00:00,7.511901823484267,165.01139349489637,11.846875715865963,1008.4561488053746,10.827043398555235,100
2024-01-13 02:00:00,5.006102058210034,241.60879186016956,17.843165605386673,1008.3593892811973,1.2762849738214876,100
2024-01-13 03:00:00,8.810106223126622,260.2558444197453,12.27282639588392,1016.4087797831063,24.996203169077017,100
2024-01-13 04:00:00,9.79935076235099,237.20627298061615,16.27842998354307,1015.3015460699082,40.97970731274482,100
2024-01-13 05:00:00,6.61482078855631,278.2007935593241,14.939602187092856,1012.0577773381091,7.782187552841454,100
2024-01-13 06:00:00,5.04025459262241,277.8381765940613,17.39402962154094,1012.867078787933,0.0,100
2024-01-13 07:00:00,10.796898780500918,263.0797717360129,19.122441248457545,1008.6435940128548,66.15353940167442,100
2024-01-13 08:00:00,13.639287145443932,322.6873923281068,13.21152727764728,1012.3371627650537,99.35568805442536,100
2024-01-13 09:00:00,11.133288694174626,218.41325179259348,13.809959845374381,1017.4292055585889,72.64512385917371,100
2024-01-13 10:00:00,10.940825702544974,225.4291527213941,17.7999821478754,1008.4620400226335,70.5034467578839,100
2024-01-13 11:00:00,12.459058923815178,191.82210318036013,19.281072262449136,1015.6056875721969,100.0,100
2024-01-13 12:00:00,12.417795744010697,168.84659956108734,21.471340715326043,1010.6927656842271,100.0,100
2024-01-13 13:00:00,9.161560037072778,161.4886460635175,15.80353993898361,1005.3621536687319,34.90819781329722,100
2024-01-13 14:00:00,9.301434238192243,126.16812899431069,12.744779105308968,1018.3083941594049,30.960323889757362,100
2024-01-13 15:00:00,11.52414671450158,90.54758689044361,17.77909228872341,1006.1302642107429,87.12377174246733,100
2024-01-13 16:00:00,9.599659357056076,105.78453859819246,14.835283976377783,1010.675861333433,37.82322565431611,100
2024-01-13 17:00:00,12.038535333948808,128.5366250366034,14.445954537342212,1018.3462671773717,99.53827931196196,100
2024-01-13 18:00:00,7.4790017577591446,118.282991399355,21.443746353137513,1009.0639460311194,13.042932294600687,100
2024-01-13 19:00:00,9.871267795548583,99.15801028624517,19.075365560303027,1017.7127671191021,43.1150922245683,100
2024-01-13 20:00:00,8.572962014755118,79.99580924543265,15.034981537212655,1010.7574921417182,23.657449562717186,100
2024-01-13 21:00:00,7.220597362224299,121.9532777051948,17.16308052401668,1012.5320541086556,9.459732288418206,100
2024-01-13 22:00:00,9.507456788116999,167.5392907003781,16.962184165678927,1022.4227373840263,37.34588816351936,100
2024-01-13 23:00:00,8.315977465173384,192.44196381058268,17.714501983543027,1018.6789533058342,24.81633520228371,100
2024-01-14 00:00:00,4.944756757259592,190.7906117869919,16.16890881998578,1013.4309271646737,0.0,100
2024-01-14 01:00:00,8.303276772285358,192.3629980542403,11.68654007714836,1009.730047262151,20.030560760099476,100
2024-01-14 02:00:00,9.972621519443322,218.91741751701386,14.457677135042719,1013.1344313472863,47.28648977472983,100
2024-01-14 03:00:00,7.2795881236814575,266.8009881269444,15.79073790429512,1021.2480486499721,8.488422678096967,100
2024-01-14 04:00:00,7.457379363253853,278.532672786737,17.471062958858173,1023.860254567914,11.811681917713514,100
2024-01-14 05:00:00,7.09775867853171,214.20233600187666,14.13984457351905,1009.9008398298171,10.044441338171369,100
2024-01-14 06:00:00,8.927483292673099,289.7585269437683,17.945582473741744,1020.2212253124569,29.286610565650044,100
2024-01-14 07:00:00,10.844730526334661,288.271974566902,16.242913276507267,1005.1108610610868,67.86866917976882,100
2024-01-14 08:00:00,8.319354464866304,231.32654359044128,15.108302354390018,1015.9410320401486,22.840435517437808,100
2024-01-14 09:00:00,7.676189504922416,220.69017682007885,13.57589928816622,1014.871832103718,13.36534318539455,100
2024-01-14 10:00:00,9.935242049628824,202.28507705647093,18.726201909233843,1018.205484609579,45.93211459800778,100
2024-01-14 11:00:00,8.127092759284437,182.88582998354147,18.659457817528438,1008.8379558715637,15.649189644115115,100
2024-01-14 12:00:00,12.001127946589063,137.49751238417298,19.78739030542644,1013.7300857686243,99.89499155600504,100
2024-01-14 13:00:00,10.033163176614336,166.0990438273315,19.034592336950304,1003.6912012313172,44.82050443412097,100
2024-01-14 14:00:00,7.1759381824910635,111.42841803697472,19.259131024443025,1009.8496739084637,10.011038303764686,100
2024-01-14 15:00:00,9.671689596919876,114.24887461047206,18.532963519039896,1012.9149820866301,42.382993835065115,100
2024-01-14 16:00:00,9.569461092435619,87.13065016793067,12.111498624258122,1013.9725654129461,39.71857327922482,100
2024-01-14 17:00:00,10.370600380948275,100.72200127588455,16.54937102172044,1026.9598558318203,55.10882299239241,100
2024-01-14 18:00:00,8.66396397771538,59.68148891784148,13.089580274788805,1010.4530250317504,26.53895357425395,100
2024-01-14 19:00:00,12.174505887498375,100.42463688087784,21.494363886538597,1013.104255082285,100.0,100
2024-01-14 20:00:00,6.917283360945802,113.75114413771131,17.344686485940247,1007.2399876925787,6.58847043257847,100
2024-01-14 21:00:00,7.415680404486093,141.18822724916956,21.195995196515074,1003.5680170100179,14.182649696412863,100
2024-01-14 22:00:00,7.016819027929582,194.03307268171966,14.295760784707541,1017.4917745345404,7.3775141056942655,100
2024-01-14 23:00:00,6.457582642631617,93.94323283314651,17.11112001238145,1017.5272641798422,4.77904152569101,100
2024-01-15 00:00:00,7.306264350490628,189.6094300311941,18.343655700288547,1006.1227973009298,12.40554644291657,100
2024-01-15 01:00:00,8.172024122281957,182.01882881102466,16.560826514351326,1004.5510455265569,19.333348622627152,100
2024-01-15 02:00:00,9.96955977996874,167.2482398126652,18.116901150411632,1009.8205919513713,46.39329365690146,100
2024-01-15 03:00:00,4.468687363302726,268.88852900598897,22.000023321287017,1021.3351289342197,0.7800325634274228,100
2024-01-15 04:00:00,7.000727432852506,297.90828285744664,14.457792682163964,1005.559293253922,11.41062679855155,100
2024-01-15 05:00:00,7.60823223955522,255.18449305103843,9.639765489296733,1016.4089842884766,13.559836133224733,100
2024-01-15 06:00:00,10.89711377518816,276.3274888866603,22.355405369161836,1013.6571331530943,69.04907993443999,100
2024-01-15 07:00:00,8.825725148523102,265.01102216112145,15.178546241246186,1011.490912729229,28.56218721407227,100
2024-01-15 08:00:00,6.23106199430611,270.9682163833954,20.92103203982963,1009.9769919902241,8.802491763631709,100
2024-01-15 09:00:00,10.611087670570997,270.0556827744972,19.509272851974345,1014.224910230701,63.246751753033024,100
2024-01-15 10:00:00,10.686085524951746,235.3481200708019,16.903472557063704,1011.4460246667282,63.694635598594076,100
2024-01-15 11:00:00,11.312767964585516,213.66681194303166,18.694567320094936,1011.0033980065052,80.23603890325205,100
2024-01-15 12:00:00,8.941087418505784,217.79209628614902,14.131930158071393,1011.962301245889,29.103260515190147,100
2024-01-15 13:00:00,14.391334195211892,151.76641927547456,17.811224414340238,1018.5581124360797,99.67551247561455,100
2024-01-15 14:00:00,10.105744420462932,162.6919371389685,19.33565356551802,1014.0642071764195,49.19048445077198,100
2024-01-15 15:00:00,10.05903302585051,91.70037702746518,15.230534772152287,1013.3447596225913,48.29999957843417,100
2024-01-15 16:00:00,8.221396040846427,150.2702620609016,16.412659659826826,1019.912893958872,18.62841082611488,100
2024-01-15 17:00:00,7.677047262920342,115.20143740517102,18.491313510415836,1011.6592577355134,13.20693629714554,100
2024-01-15 18:00:00,6.575939260967177,77.8872139832562,21.523354080125728,1020.1641878333633,6.145540280114268,100
2024-01-15 19:00:00,7.717153386697393,29.630231221293847,17.544068431543543,1009.6209385204636,13.749821342150366,100
2024-01-15 20:00:00,6.10624950295148,102.04839214546601,16.261553417334962,1015.6557445667972,3.724090336764146,100
2024-01-15 21:00:00,11.720134300542096,80.90610743008821,17.114285627558516,1011.384483552871,90.62477410424682,100
2024-01-15 22:00:00,3.5123776121222408,143.98903809539235,21.034060792178007,1012.6575186177506,1.830157965530864,100
2024-01-15 23:00:00,4.832900431523024,200.24135062478732,15.628995943667503,1009.7838038212069,2.4293602720374157,100
2024-01-16 00:00:00,6.2850037732223925,184.80179378389468,16.818884384023463,1011.5230664435337,6.912005851092753,100
2024-01-16 01:00:00,8.502963533754935,197.95333562949114,15.82279924063649,1009.4970456199809,25.349400616850463,100
2024-01-16 02:00:00,6.52826805980742,235.26616211987576,17.106631971009328,1015.0142589978304,4.584063450252857,100
2024-01-16 03:00:00,9.025545853769282,252.20911619008552,18.360668382354365,1008.8761592589409,30.067442852604994,100
2024-01-16 04:00:00,6.114224851555778,187.05636308703205,20.82121617990441,1015.6827885757832,4.745747536177556,100
2024-01-16 05:00:00,8.688776807720794,274.16143028813156,11.34585572110937,1024.7353293275478,26.138412093816168,100
2024-01-16 06:00:00,12.575914804158089,288.6083206835309,19.38604832262716,1005.2247935339193,100.0,100
2024-01-16 07:00:00,7.669981928942508,259.15307533723495,15.04481192814061,1001.1393931118067,16.81114721774018,100
2024-01-16 08:00:00,10.926967981927211,287.2990586848148,19.498791590731997,1008.05902235184,67.22936278044426,100
2024-01-16 09:00:00,10.915901231076038,239.80937306929937,21.43848654324467,1016.7164839959138,68.50301691097846,100
2024-01-16 10:00:00,6.316813465729559,248.00996287441228,20.70636661134053,1009.4441999914582,2.5715332211255513,100
2024-01-16 11:00:00,9.8417431897732,271.4868672710915,18.193457915817838,1015.8874054384194,44.76520704978198,100
2024-01-16 12:00:00,13.3501364407484,177.10826612920584,20.223078377218258,1017.7461062490853,96.81524761076894,100
2024-01-16 13:00:00,11.289839627683957,98.4423209632257,14.889429766169014,1011.744609413018,78.86773444834199,100
2024-01-16 14:00:00,8.39534551191317,124.90224827773177,17.516091317946845,1017.4238412549915,24.025871977865012,100
2024-01-16 15:00:00,11.883600738340803,64.58368954950865,22.277994865384017,1001.6524911333192,97.41372117673548,100
2024-01-16 16:00:00,9.129586739507717,120.39484845261244,15.35181498601198,1017.172663654876,29.463597819780144,100
2024-01-16 17:00:00,10.325572176503137,132.34720485497655,18.311389070459285,1016.9965168662956,52.376158914976315,100
2024-01-16 18:00:00,9.841672859011684,110.87638985152621,16.612055458507655,1012.5028356910493,45.163868798069274,100
2024-01-16 19:00:00,6.332803337640234,102.67592201637194,17.13425616470329,1018.0176828132347,4.853357261564073,100
2024-01-16 20:00:00,9.66748869960502,82.7099499336578,18.937795160780592,1020.2048144228984,36.3026273147699,100
2024-01-16 21:00:00,5.658601465292976,163.62988207220505,16.911024859700838,1022.6641029093574,5.41159414591917,100
2024-01-16 22:00:00,4.744210089884265,157.5982863599795,17.709354135726663,1022.7062464778204,1.0991313144521633,100
2024-01-16 23:00:00,5.3903230021142114,165.24037264265957,16.20583176650367,1013.2776276465781,0.0,100
2024-01-17 00:00:00,6.461749663796047,186.1458095713971,12.409739353293302,1012.2939140016294,6.159427625616739,100
2024-01-17 01:00:00,7.440884391826824,206.64253481872703,18.464106713492345,1012.6094935699822,16.442807379411196,100
2024-01-17 02:00:00,5.876711459208678,238.5664927187823,19.2032344387598,999.6275485484845,2.9724915081356453,100
2024-01-17 03:00:00,9.229354793939573,225.23979493494116,22.031344721418243,1016.4907839048532,32.8359014810807,100
2024-01-17 04:00:00,8.656858099609623,303.6997843607021,17.48922793939498,1024.7467784728394,23.547842241046986,100
2024-01-17 05:00:00,7.246695211106388,271.50351695223446,13.700698734577983,1015.829167744307,11.799754966946217,100
2024-01-17 06:00:00,10.931915566712146,288.001633514175,15.622799746586363,1005.8926057752059,68.95795803580094,100
2024-01-17 07:00:00,11.993704537020443,253.92630603593338,19.506001364823785,1008.0265415127878,100.0,100
2024-01-17 08:00:00,9.956560337903408,269.1898423478023,17.631235796906864,1008.3078713229172,44.72873137969513,100
2024-01-17 09:00:00,10.13817720396775,175.1870375175949,18.722696981282382,1021.2852599067253,51.35022102796687,100
2024-01-17 10:00:00,7.338437832578609,191.45103364625527,16.825583913342946,1015.5119690962501,8.84539664242288,100
2024-01-17 11:00:00,10.270756199317635,202.35131946363302,23.494251071049604,1016.1906431696258,53.71728687454446,100
2024-01-17 12:00:00,10.570916306391705,140.32580669829997,23.06878836265057,1014.7676485695758,57.94376216541205,100
2024-01-17 13:00:00,11.576540198619956,229.88870785672813,15.090037452446225,1007.4426063516565,86.61518807516052,100
2024-01-17 14:00:00,10.549127675830366,84.95756058271837,20.611917308138644,1008.2804464573261,55.89774382415696,100
2024-01-17 15:00:00,11.056197170176521,126.73741216428887,18.797011498250452,1016.403692423983,71.91957824847172,100
2024-01-17 16:00:00,13.222110310130164,151.73090826362557,17.925502904675106,1013.4310577360746,99.96044557209261,100
2024-01-17 17:00:00,8.611739624460125,107.50528741634639,15.305760360773547,1003.7095079032077,21.184881764304343,100
2024-01-17 18:00:00,8.171985166390742,80.69317339855877,22.749416229149034,1016.9301349852465,22.440142281283556,100
2024-01-17 19:00:00,6.017961012712231,76.50235311900029,21.380599352303268,1020.0836484616386,5.015321703381201,100
2024-01-17 20:00:00,8.136608798039264,122.25537832257984,13.513524170948683,1013.0319594060131,16.411631467557783,100
2024-01-17 21:00:00,9.693342134088562,92.35226926193431,22.03529825358405,1011.4201774368536,39.11903167311619,100
2024-01-17 22:00:00,3.9197382255688193,131.4154167057373,17.769689517748937,1019.8289617935956,0.0,100
2024-01-17 23:00:00,5.890364144905524,177.44224411231548,16.09145260667757,1012.0213411885421,2.177102517479897,100
2024-01-18 00:00:00,7.291565903632993,170.76362920271097,15.119478952829596,1009.930890338325,10.65645302523,100
2024-01-18 01:00:00,8.988039013095893,205.91901436488826,20.8836731821451,1005.307482150503,25.117167149937618,100
2024-01-18 02:00:00,8.25337456911001,215.8774112235297,19.248898810869413,1010.5440059883322,23.272538608379406,100
2024-01-18 03:00:00,8.456398592616322,214.54568220158328,15.42677328575772,1022.3350031575684,20.849038241265365,100
2024-01-18 04:00:00,7.771059326683353,293.6168008822638,15.615918881570037,1018.8190235662682,17.321795037694383,100
2024-01-18 05:00:00,9.665795322457544,308.7253115835059,16.886642935722094,1013.5968240954351,40.2922301555166,100
2024-01-18 06:00:00,11.248292665692077,260.49900138289934,16.511694109641745,1012.9706302123636,81.873277463861,100
2024-01-18 07:00:00,6.3193394357317905,258.9660396056587,19.63255318302077,1017.9481966010902,6.734699238078232,100
2024-01-18 08:00:00,11.676755700295423,252.60530617120332,19.185423225814322,1013.5115070114756,91.73236104507191,100
2024-01-18 09:00:00,10.436378849264825,259.80370851556273,16.142262537981466,1006.680476304975,58.80160914845892,100
2024-01-18 10:00:00,9.891757977765003,197.84099204275412,13.07668397223812,1013.7214601288629,45.06866570498351,100
2024-01-18 11:00:00,6.265384979444663,200.63795489264916,14.04721444601362,1013.8775512745268,5.077552772891095,100
2024-01-18 12:00:00,8.458982251316558,187.88877165507438,20.659378773054243,1013.064522279534,22.064646555688608,100
2024-01-18 13:00:00,14.547654535697795,175.9675504223905,15.06478082593998,1014.2872496880309,100.0,100
2024-01-18 14:00:00,9.574638641266924,51.574881753557435,18.38261784317468,1009.5354960680812,39.13569993295128,100
2024-01-18 15:00:00,8.464360918492087,128.4624859802661,12.759739645156598,1013.7753604117784,23.105777696192405,100
2024-01-18 16:00:00,9.306832986337971,112.43311651697303,19.240391753551904,1004.9836068036894,32.82439596292393,100
2024-01-18 17:00:00,8.247028545113011,123.29852273497286,23.807791463275947,1008.3968428789407,18.982664377515903,100
2024-01-18 18:00:00,9.468402163862986,74.21207954337913,14.065010553556636,1011.780724482581,38.233480071958944,100
2024-01-18 19:00:00,11.735994164913336,77.51607947591185,19.69830405390706,1016.0126878221256,91.49741200426556,100
2024-01-18 20:00:00,7.046452996920728,138.13321125949162,18.86659804590672,1011.5133430617254,10.057869945291175,100
2024-01-18 21:00:00,8.114051437355803,69.46568850873443,20.802864085025316,1015.2009919620315,19.68905536242706,100
2024-01-18 22:00:00,5.193159808575809,183.87270874144193,17.655491288555904,1018.1133872897402,3.2230320364536,100
2024-01-18 23:00:00,10.328166130460083,233.38311971760783,18.867687072758685,1025.1011663527688,54.97106888081291,100
2024-01-19 00:00:00,7.663165531597678,194.32355054114657,18.75861900137205,1011.5342811206116,13.445068071191379,100
2024-01-19 01:00:00,5.189588747610082,227.71666826652526,19.931225073835922,1009.7813430964582,0.0,100
2024-01-19 02:00:00,9.361640279469865,180.3125487870197,15.695358501852706,1013.1929456777016,37.63238843636202,100
2024-01-19 03:00:00,10.27084038156159,222.80281670586209,18.790042901077125,1013.9921300268195,51.340829016141086,100
2024-01-19 04:00:00,8.60799137358473,289.67816275576257,20.64367340937722,1015.7306169128673,24.193498263961576,100
2024-01-19 05:00:00,5.488646621482864,277.7877847754832,21.71666839119748,1017.062767538511,5.34971572135526,100
2024-01-19 06:00:00,12.855416273802408,264.55717610919686,19.699883363494667,1011.5880361555215,98.41403492375865,100
2024-01-19 07:00:00,10.422961778227553,273.9193983362025,14.816827015039799,1016.6346728751819,55.56040725433014,100
2024-01-19 08:00:00,12.625987241492364,273.15158087020745,13.551962090363434,1013.4098308984776,100.0,100
2024-01-19 09:00:00,9.59750579890827,234.84673927417828,19.438573299445473,1019.1368582068902,35.81932540780335,100
2024-01-19 10:00:00,10.219881604870533,224.13162165069784,15.177765357404922,1011.6059368313972,49.48736192888037,100
2024-01-19 11:00:00,11.437836517928726,202.20449281525885,20.745700435181277,1013.701278011734,84.9100499554611,100
2024-01-19 12:00:00,13.511882002841219,148.43163055767184,17.349343526240286,1014.3512808518035,100.0,100
2024-01-19 13:00:00,11.502910355681918,166.41412477954614,21.247544447102584,1018.6626263127755,85.97971883237629,100
2024-01-19 14:00:00,8.503461829270972,189.10757743839275,24.590146490750016,1012.9794824651564,23.377098011884325,100
2024-01-19 15:00:00,11.223270602709237,168.3192535987965,18.025728591349033,1007.8169805867652,72.37353780206473,100
2024-01-19 16:00:00,13.544147035790992,57.765734783847776,17.86469545751672,1004.5218910060657,97.96290383423133,100
2024-01-19 17:00:00,9.934329301900162,110.18561223028597,21.25317546453198,1018.1700492799002,41.286519424151734,100
2024-01-19 18:00:00,9.543849694322423,110.26511342717319,21.40441170029272,1016.2013725492345,39.722473048508625,100
2024-01-19 19:00:00,6.242353070996777,80.7513617492746,23.31752112126188,1021.3097376350665,10.096291820829812,100
2024-01-19 20:00:00,5.479100471323779,73.13171261802867,18.802405474872153,1013.4623323133062,0.0,100
2024-01-19 21:00:00,6.5954808067698805,76.73596026806126,16.31409574189667,1013.4329887808999,8.518205291799614,100
2024-01-19 22:00:00,6.899992545963134,121.658886634499,18.235837588686227,1013.8968324546507,10.315941838608317,100
2024-01-19 23:00:00,7.561348464211881,167.20656003898944,16.341809037564353,1010.3198091172553,13.391697880911373,100
2024-01-20 00:00:00,7.682005547324806,175.2582547269823,19.094658106227257,1009.4810124027031,11.337861076765998,100
2024-01-20 01:00:00,10.622055247832174,184.96572141133214,15.770509932340214,1015.1919820239864,59.00857992116343,100
2024-01-20 02:00:00,7.735415667707397,187.525301059473,21.08124836489595,1018.9042208678592,10.526185072341004,100
2024-01-20 03:00:00,10.064723412825174,254.1610980584382,20.467699459704953,1016.0190417903948,48.11685572877091,100
2024-01-20 04:00:00,8.271432929086622,289.9385597496831,18.792328907694134,1010.5950073762075,20.528670969345963,100
2024-01-20 05:00:00,11.730260731422934,239.1256652049814,18.451958636208953,1015.1232428753389,92.91957472542772,100
2024-01-20 06:00:00,5.609296640882052,283.4528689244617,17.785900241397755,1013.8823191520936,2.028563028497623,100
2024-01-20 07:00:00,8.670266155224637,210.54906704870416,22.311994606506033,1010.1832385813564,23.312651330025666,100
2024-01-20 08:00:00,12.316158390894934,238.21830307236223,21.937481444009972,1006.88745535633,98.6197675577348,100
2024-01-20 09:00:00,10.421113150236119,265.5277338922621,18.812379559674465,1008.8469560620692,55.80016931689964,100
2024-01-20 10:00:00,12.945201632721261,191.46698371831138,15.805279364623146,1018.9774090298629,100.0,100
2024-01-20 11:00:00,12.052075456509133,185.16061231485395,14.844684038372296,1014.2680921885172,100.0,100
2024-01-20 12:00:00,13.241845565802521,222.53900485310098,19.23809113505434,1009.9543836029543,100.0,100
2024-01-20 13:00:00,12.508078707012277,134.72096653319684,16.461043183691945,1013.3828276198664,99.98410901890487,100
2024-01-20 14:00:00,12.42944027357283,109.3816554231221,19.8030306130695,1016.0542422577432,97.84430968945975,100
2024-01-20 15:00:00,13.74921593505265,133.6358405511309,17.21514238383185,1010.2992660909982,100.0,100
2024-01-20 16:00:00,12.323039635778333,160.69972055405935,20.696492073656962,1009.1749249645961,100.0,100
2024-01-20 17:00:00,11.855343102854313,85.8765772151603,18.997474729377743,1004.1179923833611,93.74769087469912,100
2024-01-20 18:00:00,9.390929115947607,113.062075809558,21.369388181796396,1018.4427452077936,34.81180476680389,100
2024-01-20 19:00:00,7.668753088537667,133.43975103743404,11.673513239058256,1015.9396123045343,13.71898964539935,100
2024-01-20 20:00:00,7.03097142183186,111.82427854581768,17.694078258466533,1016.3469453469191,9.029031180498057,100
2024-01-20 21:00:00,9.43776723038272,108.2628526576589,25.025593395741637,1015.8096031157207,35.24693331024771,100
2024-01-20 22:00:00,2.741119662717529,108.71019784123536,10.865745960730319,1002.8620421659955,0.0,100
2024-01-20 23:00:00,4.803883569189745,113.94995711314112,20.90318564779662,1013.5480406340022,2.029863433865109,100
2024-01-21 00:00:00,5.488197116947907,213.3510523531142,19.79077244407054,1015.2498403880523,1.8427800471037195,100
2024-01-21 01:00:00,6.987610078740117,208.72242843148348,22.393864384811422,1013.353663376783,10.955989659612221,100
2024-01-21 02:00:00,2.4197776075199426,264.98402827268796,18.01598583518683,1001.2433569644448,1.088659633880898,100
2024-01-21 03:00:00,10.517933531511057,273.3073697972804,22.10782453892235,1012.3759679214198,60.32672520599333,100
2024-01-21 04:00:00,9.615054961364674,239.43317073977101,22.18747863418005,1011.7135677056256,39.83352671758298,100
2024-01-21 05:00:00,12.866231195417578,231.32672336900552,19.127101499868047,1018.187543176753,100.0,100
2024-01-21 06:00:00,11.53913342655105,282.3800874881075,15.044725586655266,1012.4803462004392,83.95630430781678,100
2024-01-21 07:00:00,11.993101241214585,247.95811783577966,21.275774824009357,1010.3990897212843,100.0,100
2024-01-21 08:00:00,14.916056550767223,269.2429605706211,15.616450235908204,1010.3961598210311,100.0,100
2024-01-21 09:00:00,9.687001877363723,221.70505217694705,18.124631510070476,1016.6142340569298,43.67331252673475,100
2024-01-21 10:00:00,8.139838497775575,199.16324240408176,21.377485954251295,1016.3625285809992,18.03883420734583,100
2024-01-21 11:00:00,10.881841348298146,199.06398977300546,21.812964341235812,1011.930136032969,68.36764563601949,100
2024-01-21 12:00:00,9.764720381011166,208.02301861223953,17.492884302148788,1011.005583403523,45.07757434089336,100
2024-01-21 13:00:00,10.83286541923473,165.90248280018042,20.417710030885054,1001.4901739999641,62.81137515418996,100
2024-01-21 14:00:00,9.046317315758184,170.35125446015348,13.909151380107302,1002.7917554543766,29.60827569481956,100
2024-01-21 15:00:00,11.964678185986577,79.35353860155394,17.119618517955487,1008.8227498161514,99.99740570815183,100
2024-01-21 16:00:00,11.440670187902935,70.34539941343158,22.94351790953505,1012.2806072683505,81.92541197466765,100
2024-01-21 17:00:00,9.878497397773984,90.39176465917438,22.566925365302044,1009.0451888189712,43.33565266600709,100
2024-01-21 18:00:00,10.037867495471247,154.97104149879206,20.54440273101108,1005.4293207605787,48.70395527607431,100
2024-01-21 19:00:00,8.61296494424208,113.29525904085504,18.1112577643381,1012.8158466547065,23.32883720066649,100
2024-01-21 20:00:00,9.91877182524005,70.05933139805865,21.078542171702246,1012.890979050735,45.59368533500933,100
2024-01-21 21:00:00,8.139772425303105,114.07617610447947,18.46707664565035,1019.5461674487265,15.543121079995991,100
2024-01-21 22:00:00,7.151762431345064,141.6214437240377,19.041447044243906,1011.206413446987,8.898711510793525,100
2024-01-21 23:00:00,9.342021776012773,139.6457135739428,18.801909946982043,1011.826682540876,35.57392085332678,100
2024-01-22 00:00:00,10.000540710016216,198.39824973169516,16.370684510721333,1009.4145787027002,46.88382397166515,100
2024-01-22 01:00:00,10.221954170266981,198.60032991428267,20.87501986286486,1026.0192783921966,51.60298918223455,100
2024-01-22 02:00:00,5.766297985354852,216.02007845370989,15.487403647181402,1016.2236466074444,3.561676331914706,100
2024-01-22 03:00:00,6.995790193106202,281.44731392256364,21.024779991476006,1008.8582351816046,10.963104807298096,100
2024-01-22 04:00:00,5.075905982067308,206.65245927579093,15.815438017190973,1003.1500506692981,0.7623239553200503,100
2024-01-22 05:00:00,8.484130044950438,238.07916411247535,16.531018281214273,1006.5558707387264,22.60274949164314,100
2024-01-22 06:00:00,10.311145800517943,245.4807305567766,10.174703361496903,1008.4038435460558,53.78020481767565,100
2024-01-22 07:00:00,9.730933912743783,241.50289226605523,18.228995073681638,1006.190944190182,40.897905045747585,100
2024-01-22 08:00:00,14.340599905659296,236.0796949818582,19.264812353694804,1012.4065090492157,98.45073757550664,100
2024-01-22 09:00:00,10.081424983713074,258.2938890435139,21.17846295306713,1007.9155609159252,50.42301509188813,100
2024-01-22 10:00:00,9.033931868153712,257.8959848523104,22.629873458002766,1004.9749650944729,27.833066682313948,100
2024-01-22 11:00:00,12.54775823747658,230.77495187890355,14.226605145418432,1016.1879185788083,100.0,100
2024-01-22 12:00:00,11.778765828559013,149.41313620412973,21.651727890146418,1005.2947233739063,92.40729987203265,100
2024-01-22 13:00:00,12.5100350157416,153.4837489836769,17.30514266810626,1000.2334834368943,99.34180364709333,100
2024-01-22 14:00:00,11.818524840703947,148.56795640424474,18.481065134283835,1017.6851467640754,94.74269742267839,100
2024-01-22 15:00:00,11.380643254997535,123.56047826177404,18.381440362189462,1021.9520409230696,81.7158388672989,100
2024-01-22 16:00:00,6.234300405477509,141.23013564467757,17.348701416447646,1013.2017018629167,2.5866567792365323,100
2024-01-22 17:00:00,8.544308206733042,72.80664856766354,16.02751225825793,1016.4323796001635,23.328440666917615,100
2024-01-22 18:00:00,8.298248335656963,94.68958263302468,19.534895574548692,1016.3569207585214,19.537635124746426,100
2024-01-22 19:00:00,8.265331405487798,81.2697541868012,21.130680562875177,1024.776177707017,18.561925542047756,100
2024-01-22 20:00:00,7.58211489464081,109.58996423208622,14.91793029062675,1008.0484752662176,9.034514231453993,100
2024-01-22 21:00:00,8.89032213256498,83.99348231251982,18.63886915978676,1010.7294711717309,29.75318830687199,100
2024-01-22 22:00:00,8.948612381377854,107.1318683712727,16.81020866484662,1010.8046780162207,30.672581198564547,100
2024-01-22 23:00:00,5.28376466548225,134.80296014711845,21.98501076236249,1013.2708661825409,0.0,100
2024-01-23 00:00:00,8.916262438563784,163.0899206653486,20.33737270327011,1011.9635173382678,28.20933956836641,100
2024-01-23 01:00:00,8.782338249730433,249.73141202820975,23.38274940571214,1012.5887241214854,24.087964800483757,100
2024-01-23 02:00:00,8.742142949481984,260.26205742886293,14.210339058088667,1013.7134579514668,25.274112621773533,100
2024-01-23 03:00:00,5.2926510865419925,237.260120185371,21.959223863519554,1022.890021905919,0.3905828277538508,100
2024-01-23 04:00:00,9.423818225552425,263.1302851668846,19.34463029390179,1014.3701597241907,39.0759916461797,100
2024-01-23 05:00:00,9.190206373841926,219.10024382270421,16.681113713050266,1017.1470780554612,29.808816668779247,100
2024-01-23 06:00:00,11.464413775402114,264.6212296034561,20.324244543112183,1016.3395319800616,79.62449057903235,100
2024-01-23 07:00:00,13.629005305782076,271.721765765368,23.554733880918647,1014.7822236607362,99.30508597507203,100
2024-01-23 08:00:00,13.71878939616295,292.3128127426362,23.67047643645482,1011.6681217403562,99.42610322793955,100
2024-01-23 09:00:00,11.182155531827378,253.44375189703823,21.323288675205887,1017.0237658945675,79.07674313974807,100
2024-01-23 10:00:00,11.270955049091762,237.98670176326658,15.881820004973438,1004.2468004407428,76.09983985064294,100
2024-01-23 11:00:00,12.73840184557123,212.22660075174076,19.786224422703675,1020.6994528755264,100.0,100
2024-01-23 12:00:00,9.312573718135546,188.07003569016385,19.88390179067603,1016.3376593440993,35.520273074697805,100
2024-01-23 13:00:00,8.573138994342964,114.80351066272385,22.582683930366958,1013.5022905352257,27.05557669053424,100
2024-01-23 14:00:00,10.329643248493307,122.49726994979102,18.362008525376446,1012.9369523277146,54.57620759415869,100
2024-01-23 15:00:00,13.398005014776578,159.40699364945704,18.903349411483706,1014.0995335034206,96.77978136082069,100
2024-01-23 16:00:00,9.880397028409483,126.77460693767789,16.8961079836428,1017.0681150098567,42.831396327452126,100
2024-01-23 17:00:00,13.06545352679834,107.89371060593808,20.86089602434722,1015.3147479855824,100.0,100
2024-01-23 18:00:00,3.9664278588044226,92.0014592767218,18.210402594974518,1019.8268417241601,0.0,100
2024-01-23 19:00:00,5.850602681194125,112.84991750635372,19.414569828702838,1021.5749051183235,7.9646182484721315,100
2024-01-23 20:00:00,8.295276159263029,73.71103139081615,17.447984023784393,1018.4698493383281,16.714495324721256,100
2024-01-23 21:00:00,9.904829145283085,68.958602832798,18.998352903633325,1005.542294699289,43.90396495484654,100
2024-01-23 22:00:00,7.6713566199653656,123.5374034329509,15.615395047505089,1010.394010353922,14.928460887774923,100
2024-01-23 23:00:00,7.4194964834096915,172.8439776724864,19.339301562912414,1017.8861851797243,11.885329908151194,100
2024-01-24 00:00:00,7.3624689663097085,183.23489646805834,17.207154219376786,1023.651624330004,10.448849281144971,100
2024-01-24 01:00:00,4.148304835443607,233.71247442457536,21.11286555534446,1010.0654323710412,3.107716429773123,100
2024-01-24 02:00:00,10.190038898134722,235.54351549681405,24.55724014757331,1016.0002627008604,51.142731725942646,100
2024-01-24 03:00:00,6.826208954776054,244.98487619321955,21.551983618424153,1019.1396449974933,9.840885143646773,100
2024-01-24 04:00:00,10.785017271252798,297.7668349610686,15.655112350558884,1013.5298650047116,63.88578302250478,100
2024-01-24 05:00:00,8.947267030694151,300.9045977197402,17.93698974436422,1006.9096702240224,30.941538289202626,100
2024-01-24 06:00:00,11.742272731482055,267.05726096341675,14.185794639707332,1022.7763248869976,92.12143276047593,100
2024-01-24 07:00:00,10.810106008984066,233.84182853553384,19.055590077735662,1008.6589960059889,62.11108224987713,100
2024-01-24 08:00:00,10.392602975707408,230.72144157293405,13.692209243897906,1009.2996120793368,52.99769704609214,100
2024-01-24 09:00:00,11.472688813334393,238.79607615826467,15.410747974946375,1014.3418653775478,85.69237280132693,100
2024-01-24 10:00:00,8.392047546169618,213.99565849042648,22.303650263076786,1013.2758891197212,21.51045485631007,100
2024-01-24 11:00:00,11.5498622637441,253.0265839556464,21.597990455398726,1008.4132828575886,88.02481993434617,100
2024-01-24 12:00:00,15.038032601048155,129.59597553166105,14.453778520160173,1021.3814394558431,100.0,100
2024-01-24 13:00:00,14.15419073737946,154.77855233409673,17.672559400524484,1015.6033399244203,97.76383243440736,100
2024-01-24 14:00:00,9.367955598996625,103.01320537805299,20.405341656832945,1017.5271896699102,33.04256826909528,100
2024-01-24 15:00:00,12.031537221872835,119.8644457606023,20.19235966609181,1012.7839806092414,99.7963279981545,100
2024-01-24 16:00:00,11.101911726318969,113.52565864616086,14.133378300434583,1012.9660168122464,73.29101168524012,100
2024-01-24 17:00:00,11.75796660726375,80.91976640156669,19.794908938551256,1019.6142259837279,90.7559678863375,100
2024-01-24 18:00:00,9.794257727868317,105.91444241044549,17.191321999586027,1010.3991705896772,44.044871080744436,100
2024-01-24 19:00:00,8.621305880358651,87.10786741879502,22.61088360689747,1011.2188131445591,23.937480852673772,100
2024-01-24 20:00:00,11.26721350954519,96.67584527671542,18.414340574106618,1015.3311846554611,75.99506864480733,100
2024-01-24 21:00:00,8.624531530994819,103.82372793064339,20.092742303326542,1017.5217415459097,24.918035285401302,100
2024-01-24 22:00:00,10.384829793147643,154.52472866194742,18.68751806961641,1017.5363293363945,53.959034629120175,100
2024-01-24 23:00:00,9.622872710934743,160.86132985196048,21.014213273014267,1008.2885575442416,36.94699522254181,100
2024-01-25 00:00:00,7.019799927411451,227.19718889348377,16.867727763094024,1007.5831853359907,12.054568667659417,100
2024-01-25 01:00:00,7.402922209156811,241.3944603639584,21.176695910160095,1008.7583690052211,7.772928524279058,100
2024-01-25 02:00:00,11.796388470878433,241.61323822711734,22.798824486145296,1017.4194978255865,90.05020578836012,100
2024-01-25 03:00:00,8.637525498955995,178.85636092378786,24.67861796984352,1017.4129684097793,26.236225358538523,100
2024-01-25 04:00:00,7.151517563729218,213.41243697938035,23.923304858994587,1014.6031560299755,10.341957714134946,100
2024-01-25 05:00:00,6.751049764274178,296.52084154971095,17.563570525071746,1014.4844122333265,6.105005505582768,100
2024-01-25 06:00:00,11.61703928096478,255.73084321424827,20.903385196528912,1004.7430363527607,91.65168558762207,100
2024-01-25 07:00:00,10.506999942846853,273.9786370963649,21.594427739078082,1014.5951433426964,57.24382231728403,100
2024-01-25 08:00:00,9.0845905093913,239.02802434060774,20.94207059217124,1005.1333081158425,30.675688740267873,100
2024-01-25 09:00:00,12.432157635295612,259.1762092222766,21.432371428286835,1017.1283884527049,100.0,100
2024-01-25 10:00:00,11.720322608129985,253.73969832283515,20.44376686690215,1011.4237479103023,92.18895712723207,100
2024-01-25 11:00:00,8.27967592150149,167.00488187165837,17.536169802819465,1014.211484066843,21.569087262639503,100
2024-01-25 12:00:00,12.846145519870891,155.59285723537386,19.79326768641446,1011.9329480368043,100.0,100
2024-01-25 13:00:00,14.26700746871387,106.79443354082174,21.71229613002276,1012.598999930227,99.06489258954653,100
2024-01-25 14:00:00,16.520525679283086,142.00221935486312,20.556752205815474,1007.4307860589233,99.90826418811055,100
2024-01-25 15:00:00,11.152793100946372,66.40197706831604,15.882875510593237,1012.1560120597107,73.7355267635461,100
2024-01-25 16:00:00,11.13407372687036,91.07526281244131,16.5390811958734,1012.6846435859976,71.16608944399098,100
2024-01-25 17:00:00,13.399606111123916,108.65501002996791,17.94421117589711,1014.0332729576203,99.34153009354965,100
2024-01-25 18:00:00,10.006218944322224,151.74278804024885,18.55749552149007,1015.723238577059,47.84174656071517,100
2024-01-25 19:00:00,9.701820046404071,104.11922590260741,19.64375571133474,1015.401688254609,41.51974649412718,100
2024-01-25 20:00:00,7.407537627588114,139.64425591864818,16.240652516210478,1014.3481717748472,14.601360141872977,100
2024-01-25 21:00:00,5.465810622649793,124.13515497000368,21.556803528442043,1009.7384448065987,2.4539832297870077,100
2024-01-25 22:00:00,9.7620994745201,144.2773022815504,13.599243053313216,1006.502485550066,40.433566169737006,100
2024-01-25 23:00:00,5.189782284246642,150.37859900757724,20.758041084934863,1007.9879201449897,0.4092657225701324,100
2024-01-26 00:00:00,10.012414856096651,168.50189601289097,20.847356208364378,1008.9124452980053,45.66872077658869,100
2024-01-26 01:00:00,6.22291959984827,238.52505860550775,21.26005188790411,1017.2317338592547,3.390611077337989,100
2024-01-26 02:00:00,8.529519479429446,236.24023058474899,10.126793026730313,1018.3776692441037,23.015049275302005,100
2024-01-26 03:00:00,7.5723453451120575,253.72850065332597,15.27992947225589,1009.0174440195482,14.637335030271554,100
2024-01-26 04:00:00,11.080302846116407,239.6970285276675,18.26966787328325,1007.1999511671078,74.09735277706127,100
2024-01-26 05:00:00,9.815157084409845,256.582072423163,19.832602038918893,1004.8872560885628,41.59500947926126,100
2024-01-26 06:00:00,13.649293075216008,332.0247144893718,19.083581719248432,1009.8814967120446,100.0,100
2024-01-26 07:00:00,8.081385101687603,264.9082694531679,16.886516125592408,1015.0785537716994,17.861207892915004,100
2024-01-26 08:00:00,11.558828533273239,297.72732812835943,23.17688788581303,1007.5617916052948,85.30091790513521,100
2024-01-26 09:00:00,11.239999694389088,228.0320589667669,20.29984442427252,1018.9306829775052,75.40985555601814,100
2024-01-26 10:00:00,12.023040320284448,249.04632514644845,18.143491169034775,1014.8333930151524,98.52864142038108,100
2024-01-26 11:00:00,14.854796366000759,211.98758202459527,16.36504133448743,1018.330521332121,98.93634097610732,100
2024-01-26 12:00:00,12.901738430386297,167.88860683970594,19.5323957952561,1009.0173579292506,100.0,100
2024-01-26 13:00:00,9.36790320542545,176.1631728971076,23.103857247808325,1016.560579126344,37.301998957167086,100
2024-01-26 14:00:00,12.530174814450259,88.69668273322579,19.43329540777621,1007.4533553607513,100.0,100
2024-01-26 15:00:00,10.31407718026332,133.59903256084579,19.231613625989976,1016.4590493852644,49.122984793634735,100
2024-01-26 16:00:00,9.784392430060144,125.66481031674988,19.526603109438934,1020.2037152573122,45.322861014120285,100
2024-01-26 17:00:00,12.340455116473503,101.25887127736462,19.68960352856208,1020.1308513841846,100.0,100
2024-01-26 18:00:00,8.526422404149269,129.32771089511573,18.628196201600943,1010.3434738315378,24.884687404295626,100
2024-01-26 19:00:00,8.454003624836412,91.02366199317677,16.409190909699735,1008.5885629665628,21.912018652503516,100
2024-01-26 20:00:00,8.795916879009466,97.58353811986584,23.91479885285575,1012.1712026451843,27.07735370779663,100
2024-01-26 21:00:00,10.209260601319407,127.01157556645072,21.24023373228353,1020.855351389824,54.06687638566261,100
2024-01-26 22:00:00,9.162231168355227,161.03118758160514,25.679156115001348,1006.188559190602,34.12556718740831,100
2024-01-26 23:00:00,7.330420893787846,173.80150137434762,20.820423751406935,1005.4336349937053,9.285195411597313,100
2024-01-27 00:00:00,7.248564435586856,173.201607760122,18.788417586893754,1002.772398369602,8.92991849488136,100
2024-01-27 01:00:00,5.540806391316449,173.43687870386748,16.644783374913256,1013.471296472805,3.1477828014950573,100
2024-01-27 02:00:00,6.541196382207439,244.9043776783895,18.492306100881013,1004.5037939635189,6.487274025582115,100
2024-01-27 03:00:00,7.06994163294756,219.95247207859506,16.023464562157045,1018.9545005046166,7.469444279874236,100
2024-01-27 04:00:00,8.49433548346675,233.3940253017915,25.77581544570768,1021.2039855661716,22.635744070964513,100
2024-01-27 05:00:00,13.248805351094925,247.29402908473534,19.43119828891128,1012.3157854561722,98.63705596398648,100
2024-01-27 06:00:00,8.441978499388778,271.7312642027095,21.840463241702572,1024.9653965428,23.2754175369984,100
2024-01-27 07:00:00,9.718897321355406,243.044430437301,22.368199384855707,1014.1675040614813,46.15641456279705,100
2024-01-27 08:00:00,6.688120557008431,223.87164523704857,22.72503881479696,1010.4754860493956,5.066240472803481,100
2024-01-27 09:00:00,12.408273117955753,223.87435197305575,27.125902768311374,1010.3933705350713,100.0,100
2024-01-27 10:00:00,8.370070586876508,219.50004568617288,19.196057727795147,1020.164763303792,22.084596933850904,100
2024-01-27 11:00:00,9.911589975211065,216.92224810357914,18.936707224813727,1016.9640452993328,44.889107353290726,100
2024-01-27 12:00:00,13.877588103843628,182.0180073229122,19.975734293334522,1002.8486447340769,99.24651998684803,100
2024-01-27 13:00:00,7.514912160381855,124.29242308330686,21.727918003684458,1003.5989121373563,11.934431410474335,100
2024-01-27 14:00:00,11.716808999321,141.85986394713171,20.018924745354322,1005.6526485630764,87.92652504276414,100
2024-01-27 15:00:00,12.808990222664992,126.04305533509074,18.675739615359877,1010.0369623621384,96.0494021946135,100
2024-01-27 16:00:00,13.843805839842197,88.40881794696396,17.33448123109922,1006.5055968910847,98.2757467836376,100
2024-01-27 17:00:00,8.470369240187457,69.17929386914494,17.15924496563279,1009.1771099497395,21.248211508856567,100
2024-01-27 18:00:00,8.544867666481913,66.10109537812858,20.290711467485295,1008.8860703319021,24.878442109372426,100
2024-01-27 19:00:00,12.884151923561804,77.11230612861725,16.48565866759883,1007.3974614916867,97.79760831711093,100
2024-01-27 20:00:00,8.742797077798446,168.48497475247672,14.040195621709502,1023.5975935502565,24.933016219595874,100
2024-01-27 21:00:00,6.906175936049205,89.6882174294943,19.8280120066639,1020.0961197300948,10.320776779718948,100
2024-01-27 22:00:00,6.625894884778312,142.97997501536634,22.970183170314353,1021.8998428287329,8.130637188320053,100
2024-01-27 23:00:00,5.915953067248575,135.28320804958548,21.46772626930852,1021.3920071762722,4.3574638263244845,100
2024-01-28 00:00:00,6.974856672759418,164.8205065264404,19.581839187282522,1012.6457582071059,10.823391614785649,100
2024-01-28 01:00:00,10.098790383931956,182.10962087733478,20.844508206187058,1013.5532467201158,54.380964675939744,100
2024-01-28 02:00:00,9.897682413189454,249.03607157719716,14.694155600145073,1008.3618043609931,44.81711751340683,100
2024-01-28 03:00:00,6.091446915587619,255.01284516308846,17.566582215656194,1013.7418834548016,5.273388379286826,100
2024-01-28 04:00:00,9.283373233019875,254.06197230637537,24.669708836903965,1007.9987036051391,33.77111150811275,100
2024-01-28 05:00:00,8.532243523261327,282.0213727655092,23.187858951816377,1004.9880320235332,22.859929384365124,100
2024-01-28 06:00:00,11.419081891820287,292.30397085821517,17.50078469591928,1009.1648619302821,80.06240818113194,100
2024-01-28 07:00:00,10.059119719357847,241.411872973971,24.898439484271236,1017.3607288751548,51.63639409000285,100
2024-01-28 08:00:00,11.597250447210937,274.3598587360904,17.48183003358782,1013.484956914161,87.55292529732921,100
2024-01-28 09:00:00,10.9512042320675,222.11065977414088,17.165926593613776,1016.0142629967922,72.02380118706577,100
2024-01-28 10:00:00,7.212080029903835,250.13805681580567,24.24325541353064,1013.085478268899,11.01819387241767,100
2024-01-28 11:00:00,11.88005762692683,225.49966844082346,23.55872286916778,1008.4064286559124,94.32372098012897,100
2024-01-28 12:00:00,9.31070718455123,192.1110915209033,17.869824201219032,1015.5973871185972,34.51091659826048,100
2024-01-28 13:00:00,13.280309559543223,150.40849570405206,19.48823623527657,1013.474161837162,100.0,100
2024-01-28 14:00:00,10.226596106380704,119.21672210636703,18.610402764553335,1019.5795572053091,52.20576541400625,100
2024-01-28 15:00:00,10.058389333838521,108.45152873301791,21.147918374341906,1019.7748888595397,44.605426822862604,100
2024-01-28 16:00:00,10.836395433586798,125.13235658100646,24.337678464430184,1011.5184096623118,66.04582143747828,100
2024-01-28 17:00:00,11.527427082265206,72.59674426395344,21.231966336117363,1013.6064866268916,84.28511227655898,100
2024-01-28 18:00:00,9.514713448013147,91.49013719911026,19.293789474261594,1008.5233454755588,37.10056136748377,100
2024-01-28 19:00:00,12.620928537496402,40.63780055433076,15.59660268129728,1008.7011246516197,97.26177920169386,100
2024-01-28 20:00:00,12.15183680658302,109.86895341512955,21.969392104783587,1010.1171972431881,100.0,100
2024-01-28 21:00:00,11.870924705578291,85.29453717058219,15.966661262181182,1015.4604283287548,97.72584570865563,100
2024-01-28 22:00:00,7.653512826924992,95.45589804494836,19.07410350354162,1010.398984148715,12.16924112132014,100
2024-01-28 23:00:00,4.958432518827558,172.2677323989923,22.510209640525296,1020.7269515997127,0.5837725158004681,100
2024-01-29 00:00:00,10.355092388939713,186.31012590401428,22.221014781602854,1015.3673695452844,57.16409292324432,100
2024-01-29 01:00:00,7.150393137285466,189.99238936978662,22.3034782271322,1011.6572672573634,6.556446593687284,100
2024-01-29 02:00:00,8.259217176898293,215.93712972692077,21.88410210670506,1018.078938579923,23.107143486869557,100
2024-01-29 03:00:00,9.757362003800399,311.7706233304901,20.224916785309112,1009.3253885252523,43.05182411281792,100
2024-01-29 04:00:00,5.70606255943785,252.11795754991047,20.6938022744232,1009.7782351719782,3.668486696704914,100
2024-01-29 05:00:00,12.655539680923107,260.89684351768847,20.06354919531919,1019.7362974046071,99.6790305374277,100
2024-01-29 06:00:00,11.664860018669769,289.5691583746423,21.23507069782535,1006.4669387616201,90.12120878232756,100
2024-01-29 07:00:00,11.137116614811141,269.5496944840668,21.393047724172618,1012.2517881715071,77.82268217157754,100
2024-01-29 08:00:00,12.696768861420537,287.56513983332667,20.18732387774379,1011.1019749810499,100.0,100
2024-01-29 09:00:00,12.443054001490944,251.96307436325355,21.32878076855006,1009.3320235031637,98.62655451776243,100
2024-01-29 10:00:00,11.880642399170187,247.83267427615147,17.732875316079344,1017.9290745940477,95.02815563171814,100
2024-01-29 11:00:00,11.231238368752171,216.5936264487719,18.866468367911228,1017.3127676106461,78.58978763935822,100
2024-01-29 12:00:00,10.436650811751589,199.35911294470924,20.478834084228904,1016.3860708305078,56.97265404017662,100
2024-01-29 13:00:00,12.421215574848027,155.42669684538777,25.557877348860508,1013.1150880132091,100.0,100
2024-01-29 14:00:00,12.36939228757538,141.67583331807313,21.37431093354677,1016.2083022899233,98.902091950861,100
2024-01-29 15:00:00,13.495546528212648,108.22932489719305,19.383130560967395,1002.9890044282921,100.0,100
2024-01-29 16:00:00,11.316255377901548,120.18279888099075,19.126666815754096,1010.9763831402308,79.15729667624271,100
2024-01-29 17:00:00,8.726170419107074,52.685515097023476,22.0198349273987,1013.1873239476791,24.14149324207661,100
2024-01-29 18:00:00,6.762469665669842,111.78408869664169,19.495554443130256,1010.0523012468893,3.806549938337325,100
2024-01-29 19:00:00,9.14217294623825,123.0074361406501,21.699481357794685,1013.928875388087,29.337154422674136,100
2024-01-29 20:00:00,8.860018607084012,124.31056699684211,21.32215056943751,1024.9122069300145,28.419024081091628,100
2024-01-29 21:00:00,8.304538632502862,113.23745810771226,16.049104499557753,1013.5633759910089,18.713139289639482,100
2024-01-29 22:00:00,5.121858758183029,150.15687633320886,21.20569346932291,1015.0567080129802,0.0,100
2024-01-29 23:00:00,10.132013988956032,133.4089259024603,21.184209843190185,1014.0136909256864,48.081571102250656,100
2024-01-30 00:00:00,10.120361693107473,205.11306641703123,22.327759105916183,1007.0097807610728,49.224299884678054,100
2024-01-30 01:00:00,6.396680218832788,170.3172553414758,17.426505338103894,1005.5597449138282,6.560084100169513,100
2024-01-30 02:00:00,9.85501561631534,242.8119336374859,23.220085801995822,1004.8990933695225,39.12222673323558,100
2024-01-30 03:00:00,10.466550361890125,259.6193321451909,19.43736302772904,1014.4053694966062,56.99778657373906,100
2024-01-30 04:00:00,9.051996353935294,270.14412142851035,25.90257850170404,1002.8031859496584,32.20671267459288,100
2024-01-30 05:00:00,7.560466858046713,253.52081503859836,25.195054365273993,1016.2143233731356,11.275235277968921,100
2024-01-30 06:00:00,13.201865271161957,292.8049869890263,18.113574926464217,1011.9893222333053,98.8460806448363,100
2024-01-30 07:00:00,11.254583158389403,211.81537848910693,15.830099716908741,1015.2596257906498,77.55564961101611,100
2024-01-30 08:00:00,10.473027290215823,281.2589407116383,22.029482835327272,1006.3663444663033,55.26361642152075,100
2024-01-30 09:00:00,12.935006554358822,249.38274759277672,17.47784840077594,1020.7633021249237,98.17075457760093,100
2024-01-30 10:00:00,14.951569983909089,256.5287601762556,23.380278070833374,1012.704649872728,99.76759943640165,100
2024-01-30 11:00:00,10.912633559840314,209.2951836067233,21.527341134421064,1003.5331736482533,68.31116905042467,100
2024-01-30 12:00:00,13.357947291153486,235.14570440279135,15.576928528157055,1019.1676014630563,100.0,100
2024-01-30 13:00:00,15.793274194667461,128.45170593732874,22.283948234180265,1006.6335689489796,100.0,100
2024-01-30 14:00:00,9.474023339737826,153.28221955504708,20.349508257282082,1006.890301715613,37.2269915956447,100
2024-01-30 15:00:00,10.290808585556878,89.78025501853912,21.17409037338216,1007.0116301470986,53.660559890616646,100
2024-01-30 16:00:00,9.779392039455498,98.26612824577379,24.509895300996202,1011.4483374325752,40.99302583513704,100
2024-01-30 17:00:00,10.17608601674651,115.3378532632641,19.547989015413403,1015.9361723963184,46.4964090621002,100
2024-01-30 18:00:00,9.555154728871518,108.76290978631502,22.211820695749154,1015.790707474016,36.83512797762814,100
2024-01-30 19:00:00,10.059054989168967,155.45283604471416,18.142589490573325,1025.6068555625388,47.27839369754159,100
2024-01-30 20:00:00,7.334351160370434,91.51551165849554,18.21634071675944,1009.6830243177778,9.532922951589843,100
2024-01-30 21:00:00,7.315561660505027,154.94043001759616,19.283312960580314,1010.7166259153335,8.749090385347113,100
2024-01-30 22:00:00,8.845632361036182,127.37099438609418,18.07661129435454,1006.1818067553577,29.5262196745531,100
2024-01-30 23:00:00,8.353074267529191,135.6792832922321,21.641339996615315,1007.5157968978174,19.37969015540216,100
